worker_id,file_name,exec_time
"worker 0","test_large/file_512k_9.bin",0.000498
"worker 0","test_large/subB/subB1/file_512k_9.bin",0.000314
"worker 0","test_large/subB/subB1/file_512k_20.bin",0.000666
"worker 0","test_large/subB/subB1/file_512k_24.bin",0.000559
"worker 0","test_large/subB/subB1/file_512k_11.bin",0.000664
"worker 0","test_large/subB/file_1024k_11.bin",0.001139
"worker 0","test_large/subC/file_256k_20.bin",0.000344
"worker 0","test_large/subC/file_256k_42.bin",0.000294
"worker 0","test_large/file_512k_4.bin",0.000800
"worker 0","test_large/subA/subA1/file_128k_13.bin",0.000450
"worker 0","test_large/subA/subA2/file_64k_6.bin",0.000079
"worker 0","test_large/subA/subA2/file_64k_2.bin",0.000180
"worker 0","test_large/subA/subA2/file_64k_15.bin",0.000055
"worker 0","test_large/subA/file_256k_26.bin",0.000165
"worker 0","test_large/subA/file_256k_9.bin",0.000400
"worker 1","test_large/subB/file_1024k_2.bin",0.001747
"worker 1","test_large/subB/subB1/file_512k_26.bin",0.000866
"worker 1","test_large/subC/file_256k_21.bin",0.000463
"worker 1","test_large/subC/file_256k_25.bin",0.000453
"worker 1","test_large/subC/file_256k_18.bin",0.000482
"worker 1","test_large/subC/file_256k_32.bin",0.000420
"worker 1","test_large/subA/file_256k_28.bin",0.000424
"worker 1","test_large/subA/subA1/file_128k_5.bin",0.000303
"worker 1","test_large/subA/subA1/file_128k_18.bin",0.000147
"worker 1","test_large/subA/subA2/file_64k_17.bin",0.000281
"worker 1","test_large/file_512k_13.bin",0.000676
"worker 2","test_large/file_512k_16.bin",0.000537
"worker 2","test_large/subB/subB1/file_512k_28.bin",0.000524
"worker 2","test_large/subB/subB1/file_512k_16.bin",0.000675
"worker 2","test_large/subB/subB1/file_512k_4.bin",0.001205
"worker 2","test_large/subC/file_256k_29.bin",0.000516
"worker 2","test_large/subC/file_256k_19.bin",0.000486
"worker 2","test_large/subC/file_256k_8.bin",0.000427
"worker 2","test_large/subC/file_256k_27.bin",0.000732
"worker 2","test_large/subA/subA1/file_128k_20.bin",0.000524
"worker 2","test_large/subA/subA1/file_128k_1.bin",0.000167
"worker 2","test_large/subA/subA2/file_64k_13.bin",0.000277
"worker 2","test_large/file_512k_15.bin",0.000557
"worker 3","test_large/file_512k_20.bin",0.000453
"worker 3","test_large/subB/file_1024k_5.bin",0.000708
"worker 3","test_large/subB/subB1/file_512k_21.bin",0.000541
"worker 3","test_large/subB/subB1/file_512k_19.bin",0.000621
"worker 3","test_large/subB/subB1/file_512k_1.bin",0.000626
"worker 3","test_large/subB/file_1024k_3.bin",0.001309
"worker 3","test_large/subC/file_256k_44.bin",0.000311
"worker 3","test_large/subC/file_256k_9.bin",0.000346
"worker 3","test_large/subA/file_256k_10.bin",0.000318
"worker 3","test_large/subA/subA1/file_128k_10.bin",0.000164
"worker 3","test_large/subA/subA1/file_128k_15.bin",0.000362
"worker 3","test_large/subA/subA1/file_128k_6.bin",0.000113
"worker 3","test_large/subA/subA2/file_64k_12.bin",0.000188
"worker 3","test_large/subA/subA2/file_64k_16.bin",0.000233
"worker 3","test_large/subA/file_256k_4.bin",0.000400
"worker 3","test_large/file_512k_7.bin",0.000427
"worker 4","test_large/subB/file_1024k_15.bin",0.001328
"worker 4","test_large/subB/subB1/file_512k_12.bin",0.000600
"worker 4","test_large/subB/file_1024k_20.bin",0.001204
"worker 4","test_large/subC/file_256k_46.bin",0.000351
"worker 4","test_large/file_512k_5.bin",0.000903
"worker 4","test_large/subA/subA1/file_128k_25.bin",0.000263
"worker 4","test_large/subA/subA1/file_128k_24.bin",0.000113
"worker 4","test_large/subA/subA2/file_64k_11.bin",0.000129
"worker 4","test_large/subA/subA2/file_64k_1.bin",0.000268
"worker 4","test_large/subA/file_256k_17.bin",0.000337
"worker 4","test_large/file_512k_18.bin",0.000561
"worker 5","test_large/subB/file_1024k_6.bin",0.001059
"worker 5","test_large/subB/subB1/file_512k_5.bin",0.000744
"worker 5","test_large/subB/subB1/file_512k_22.bin",0.000516
"worker 5","test_large/subB/subB1/file_512k_30.bin",0.000429
"worker 5","test_large/subB/file_1024k_17.bin",0.000755
"worker 5","test_large/subC/file_256k_2.bin",0.000478
"worker 5","test_large/subC/file_256k_12.bin",0.000529
"worker 5","test_large/subA/file_256k_5.bin",0.000446
"worker 5","test_large/subA/file_256k_15.bin",0.000559
"worker 5","test_large/subA/subA1/file_128k_14.bin",0.000197
"worker 5","test_large/subA/subA2/file_64k_7.bin",0.000323
"worker 5","test_large/subA/file_256k_30.bin",0.000494
"worker 6","test_large/subB/file_1024k_4.bin",0.000939
"worker 6","test_large/subB/subB1/file_512k_3.bin",0.000656
"worker 6","test_large/subB/subB1/file_512k_8.bin",0.000513
"worker 6","test_large/subB/subB1/file_512k_10.bin",0.000437
"worker 6","test_large/subC/file_256k_7.bin",0.000216
"worker 6","test_large/subC/file_256k_16.bin",0.000238
"worker 6","test_large/subC/file_256k_40.bin",0.000306
"worker 6","test_large/subC/file_256k_48.bin",0.000365
"worker 6","test_large/subC/file_256k_38.bin",0.000352
"worker 6","test_large/subA/file_256k_29.bin",0.000334
"worker 6","test_large/subA/file_256k_25.bin",0.000304
"worker 6","test_large/subA/subA1/file_128k_7.bin",0.000389
"worker 6","test_large/subA/subA1/file_128k_2.bin",0.000316
"worker 6","test_large/subA/subA2/file_64k_3.bin",0.000093
"worker 6","test_large/subA/subA2/file_64k_20.bin",0.000293
"worker 6","test_large/file_512k_14.bin",0.000658
"worker 7","test_large/subB/file_1024k_13.bin",0.001650
"worker 7","test_large/subB/subB1/file_512k_2.bin",0.000892
"worker 7","test_large/subB/file_1024k_7.bin",0.001511
"worker 7","test_large/subC/file_256k_37.bin",0.000220
"worker 7","test_large/subA/file_256k_21.bin",0.000190
"worker 7","test_large/subA/file_256k_13.bin",0.000204
"worker 7","test_large/subA/file_256k_19.bin",0.000188
"worker 7","test_large/subA/subA1/file_128k_19.bin",0.000119
"worker 7","test_large/subA/subA1/file_128k_22.bin",0.000424
"worker 7","test_large/subA/subA1/file_128k_4.bin",0.000120
"worker 7","test_large/subA/subA2/file_64k_14.bin",0.000212
"worker 7","test_large/subA/file_256k_14.bin",0.000188
"worker 7","test_large/file_512k_17.bin",0.000545
"worker 8","test_large/subB/file_1024k_14.bin",0.001633
"worker 8","test_large/subB/subB1/file_512k_18.bin",0.000607
"worker 8","test_large/subC/file_256k_5.bin",0.000313
"worker 8","test_large/subC/file_256k_6.bin",0.000324
"worker 8","test_large/subC/file_256k_11.bin",0.000377
"worker 8","test_large/subC/file_256k_4.bin",0.000302
"worker 8","test_large/file_512k_2.bin",0.000701
"worker 8","test_large/subA/subA1/file_128k_3.bin",0.000229
"worker 8","test_large/subA/subA1/file_128k_12.bin",0.000163
"worker 8","test_large/subA/subA2/file_64k_23.bin",0.000067
"worker 8","test_large/subA/subA2/file_64k_25.bin",0.000223
"worker 8","test_large/subA/file_256k_11.bin",0.000267
"worker 8","test_large/file_512k_12.bin",0.000725
"worker 9","test_large/subB/file_1024k_1.bin",0.001238
"worker 9","test_large/subB/subB1/file_512k_27.bin",0.000697
"worker 9","test_large/subB/subB1/file_512k_13.bin",0.000618
"worker 9","test_large/subB/file_1024k_9.bin",0.001196
"worker 9","test_large/subC/file_256k_35.bin",0.000344
"worker 9","test_large/subC/file_256k_17.bin",0.000296
"worker 9","test_large/file_512k_6.bin",0.001295
"worker 9","test_large/subA/subA2/file_64k_21.bin",0.000207
"worker 9","test_large/subA/subA2/file_64k_22.bin",0.000057
"worker 9","test_large/subA/file_256k_18.bin",0.000229
"worker 9","test_large/file_512k_11.bin",0.000549
"worker 10","test_large/subB/file_1024k_16.bin",0.001609
"worker 10","test_large/subB/subB1/file_512k_15.bin",0.000926
"worker 10","test_large/subC/file_256k_34.bin",0.000495
"worker 10","test_large/subC/file_256k_50.bin",0.000565
"worker 10","test_large/subC/file_256k_26.bin",0.000226
"worker 10","test_large/subC/file_256k_43.bin",0.000195
"worker 10","test_large/file_512k_19.bin",0.000398
"worker 10","test_large/subA/file_256k_24.bin",0.000202
"worker 10","test_large/subA/file_256k_2.bin",0.000242
"worker 10","test_large/subA/subA1/file_128k_16.bin",0.000402
"worker 10","test_large/subA/subA1/file_128k_23.bin",0.000105
"worker 10","test_large/subA/subA2/file_64k_9.bin",0.000223
"worker 10","test_large/subA/file_256k_20.bin",0.000274
"worker 10","test_large/file_512k_1.bin",0.000685
"worker 11","test_large/subB/file_1024k_18.bin",0.001759
"worker 11","test_large/subB/subB1/file_512k_25.bin",0.000870
"worker 11","test_large/subC/file_256k_28.bin",0.000484
"worker 11","test_large/subC/file_256k_36.bin",0.000469
"worker 11","test_large/subC/file_256k_30.bin",0.000447
"worker 11","test_large/subA/file_256k_16.bin",0.000429
"worker 11","test_large/subA/subA1/file_128k_17.bin",0.000546
"worker 11","test_large/subA/subA1/file_128k_8.bin",0.000210
"worker 11","test_large/subA/subA2/file_64k_5.bin",0.000279
"worker 11","test_large/subA/file_256k_1.bin",0.000480
"worker 12","test_large/subB/file_1024k_19.bin",0.001954
"worker 12","test_large/subB/subB1/file_512k_17.bin",0.000629
"worker 12","test_large/subC/file_256k_23.bin",0.000370
"worker 12","test_large/subC/file_256k_24.bin",0.000325
"worker 12","test_large/subC/file_256k_41.bin",0.000331
"worker 12","test_large/subC/file_256k_22.bin",0.000313
"worker 12","test_large/subC/file_256k_1.bin",0.000283
"worker 12","test_large/subA/file_256k_7.bin",0.000352
"worker 12","test_large/subA/file_256k_6.bin",0.000598
"worker 12","test_large/subA/subA1/file_128k_21.bin",0.000182
"worker 12","test_large/subA/subA2/file_64k_19.bin",0.000115
"worker 12","test_large/subA/subA2/file_64k_24.bin",0.000092
"worker 12","test_large/subA/subA2/file_64k_10.bin",0.000265
"worker 12","test_large/subA/file_256k_27.bin",0.000422
"worker 13","test_large/subB/file_1024k_8.bin",0.001679
"worker 13","test_large/subB/subB1/file_512k_29.bin",0.000892
"worker 13","test_large/subC/file_256k_39.bin",0.000486
"worker 13","test_large/subC/file_256k_3.bin",0.000470
"worker 13","test_large/subC/file_256k_47.bin",0.000502
"worker 13","test_large/file_512k_8.bin",0.001353
"worker 13","test_large/subA/subA2/file_64k_8.bin",0.000306
"worker 13","test_large/subA/file_256k_22.bin",0.000483
"worker 14","test_large/subB/file_1024k_10.bin",0.001902
"worker 14","test_large/subB/subB1/file_512k_23.bin",0.000898
"worker 14","test_large/subC/file_256k_13.bin",0.000450
"worker 14","test_large/subC/file_256k_15.bin",0.000442
"worker 14","test_large/subC/file_256k_33.bin",0.000487
"worker 14","test_large/subA/file_256k_23.bin",0.000428
"worker 14","test_large/subA/file_256k_3.bin",0.000842
"worker 14","test_large/subA/subA2/file_64k_18.bin",0.000284
"worker 14","test_large/subA/file_256k_12.bin",0.000486
"worker 15","test_large/subB/file_1024k_12.bin",0.000932
"worker 15","test_large/subB/subB1/file_512k_6.bin",0.000465
"worker 15","test_large/subB/subB1/file_512k_14.bin",0.000415
"worker 15","test_large/subB/subB1/file_512k_7.bin",0.000478
"worker 15","test_large/subC/file_256k_49.bin",0.000221
"worker 15","test_large/subC/file_256k_10.bin",0.000213
"worker 15","test_large/subC/file_256k_45.bin",0.000294
"worker 15","test_large/subC/file_256k_31.bin",0.000203
"worker 15","test_large/subC/file_256k_14.bin",0.000333
"worker 15","test_large/file_512k_3.bin",0.000689
"worker 15","test_large/subA/subA1/file_128k_9.bin",0.000516
"worker 15","test_large/subA/subA1/file_128k_11.bin",0.000184
"worker 15","test_large/subA/subA2/file_64k_4.bin",0.000083
"worker 15","test_large/subA/file_256k_8.bin",0.000465
"worker 15","test_large/file_512k_10.bin",0.000615
